{
  "__comment": "Instructions: https://mods.blakebr0.com/docs/cucumber/tags-config",
  "forge:ingots/aluminum": "stevesuniverse:aluminum_ingot",
  "forge:ingots/constantan": "null",
  "forge:ingots/tungsten": "null",
  "forge:ingots/mithril": "null",
  "forge:ingots/tin": "null",
  "forge:ingots/iridium": "null",
  "forge:ingots/zinc": "null",
  "forge:gems/sapphire": "iceandfire:sapphire_gem",
  "forge:ingots/bronze": "null",
  "forge:ingots/copper": "iceandfire:copper_ingot",
  "forge:ingots/invar": "null",
  "forge:gems/ruby": "null",
  "forge:dusts/niter": "null",
  "forge:ingots/chrome": "null",
  "forge:ingots/electrum": "null",
  "forge:silicon": "refinedstorage:silicon",
  "forge:gems/apatite": "null",
  "forge:ingots/brass": "null",
  "forge:ingots/silver": "iceandfire:silver_ingot",
  "forge:dusts/saltpeter": "null",
  "forge:ingots/steel": "null",
  "forge:ingots/titanium": "null",
  "forge:rubber": "null",
  "forge:ingots/platinum": "null",
  "forge:dusts/sulfur": "null",
  "forge:ingots/lead": "null",
  "forge:ingots/graphite": "null",
  "forge:ingots/uranium": "null",
  "forge:ingots/nickel": "null"
}